Team,G,MP,FG,FGA,FG%,3P,3PA,3P%,2P,2PA,2P%,FT,FTA,FT%,ORB,DRB,TRB,AST,STL,BLK,TOV,PF,PTS,yearEnd
Houston Rockets*,82,19755,39.5,86,0.46,15.6,43.2,0.362,23.9,42.8,0.558,20,25.7,0.781,9.2,35.2,44.4,22,8.7,4.9,14.1,19.9,114.7,2018
Toronto Raptors*,82,19830,42,89.1,0.472,12,33.6,0.358,30,55.5,0.541,17.7,22.2,0.794,9.9,34.9,44.8,24.8,7.8,6.2,13.6,22.2,113.8,2018
Golden State Warriors*,82,19730,42.9,85.3,0.503,11.3,28.9,0.391,31.5,56.3,0.56,16.6,20.4,0.815,8.4,35.1,43.6,29.3,8,7.5,15.5,19.6,113.6,2018
Minnesota Timberwolves*,82,19805,42.5,89.2,0.476,8.3,23.3,0.357,34.2,65.9,0.519,20.1,25,0.804,10.7,32.7,43.4,23.5,8.7,4.4,12.9,18.9,113.4,2018
Cleveland Cavaliers*,82,19730,41.1,86.3,0.476,12.2,32.7,0.372,28.9,53.6,0.54,18.5,23.7,0.779,8.6,34.3,42.9,23.8,7.2,3.9,14,18.9,112.9,2018
Denver Nuggets,82,19880,41.6,88.5,0.47,11.7,31.6,0.371,29.9,56.9,0.525,17.5,22.8,0.767,11.2,34.3,45.5,25.7,7.8,5,15.3,19.1,112.5,2018
Oklahoma City Thunder*,82,19830,40.9,90.4,0.453,11,31.2,0.354,29.9,59.2,0.505,17.8,24.8,0.716,12.8,33.4,46.2,21.9,9.3,5.2,14.4,20.7,110.7,2018
Los Angeles Clippers,82,19705,40.7,86.4,0.471,9.6,27.1,0.354,31.2,59.3,0.525,19.2,25.8,0.743,10.3,34.1,44.4,22.6,7.7,4.6,14.9,20.2,110.3,2018
Milwaukee Bucks*,82,19830,41,85.6,0.478,9,25.5,0.355,31.9,60.1,0.531,18.8,24.1,0.783,8.7,32.4,41.1,24,9.1,5.6,14.3,22,109.8,2018
New Orleans Pelicans*,82,19955,41.9,86.6,0.483,10,27.7,0.362,31.9,59,0.54,15.8,20.5,0.772,8.5,35,43.5,26.3,7.9,5.8,14.6,18.8,109.6,2018
Indiana Pacers*,82,19755,42.3,89.6,0.472,9.4,25.4,0.369,32.9,64.2,0.513,15.5,19.9,0.779,10,34,43.9,23,9.1,4.3,13.8,19.5,109.5,2018
Philadelphia 76ers*,82,19780,40.7,86.3,0.472,11,29.7,0.369,29.8,56.6,0.526,17.1,22.7,0.752,10.9,36.4,47.3,27,8.3,5.1,16.4,22,109.5,2018
Charlotte Hornets,82,19780,39.4,87.6,0.45,10.2,27.5,0.369,29.3,60.1,0.487,20.4,27.3,0.747,10.2,35.8,46,21.8,6.9,4.6,12.8,17.4,109.4,2018
Washington Wizards*,82,19855,41,87.8,0.467,10.2,27.2,0.375,30.8,60.6,0.508,17.2,22.3,0.772,10.3,33.9,44.2,25.8,8.1,4.4,15,21.8,109.3,2018
Portland Trail Blazers*,82,19755,40.6,89.8,0.452,10.6,29.1,0.366,29.9,60.7,0.493,17.3,21.6,0.8,10.5,36.4,46.9,20.1,7.2,5.3,14,20.1,109.1,2018
Utah Jazz*,82,19755,39.8,86.3,0.462,11.3,30.8,0.366,28.6,55.5,0.515,17.5,22.4,0.779,9.4,35.6,45,23.3,9,5.3,15.3,20.4,108.4,2018
San Antonio Spurs*,82,19730,41,89.6,0.457,8.9,25.3,0.352,32.1,64.3,0.499,17,22,0.772,10.9,35.6,46.4,23.9,8,5.9,13.8,18,107.9,2018
Boston Celtics*,82,19805,39.6,88,0.45,11.8,31.4,0.377,27.8,56.6,0.491,16.5,21.4,0.771,9.7,36.3,46,23.2,7.6,4.7,14.5,20.4,107.6,2018
Detroit Pistons,82,19805,40.4,89.8,0.45,11.2,29.9,0.373,29.2,59.9,0.488,15.2,20.4,0.745,10.5,34.7,45.2,23.5,7.9,4,13.9,19,107.2,2018
New York Knicks,82,19830,41.7,89.9,0.464,8.4,23.9,0.352,33.3,66,0.504,15.3,19.5,0.787,10.7,34.4,45.1,23.9,6.9,5.3,15.1,21,107.1,2018
Brooklyn Nets,82,19855,38.3,87,0.441,12.7,35.7,0.356,25.6,51.2,0.5,17.5,22.6,0.772,9.7,34.9,44.6,23.7,6.3,4.8,15.2,20.6,106.9,2018
Miami Heat*,82,19930,40.1,88.1,0.455,11.4,31.6,0.36,28.7,56.6,0.508,15.2,20.2,0.755,9.6,35.3,44.9,23.5,7.8,5.5,14.9,20.8,106.8,2018
Los Angeles Lakers,82,19905,40.1,87.1,0.461,9.9,28.6,0.345,30.2,58.4,0.517,16.4,23,0.714,10.5,35.2,45.7,23.4,7.6,4.7,15.6,20.9,106.5,2018
Dallas Mavericks,82,19805,39.6,89.2,0.444,12.3,34.1,0.36,27.4,55.2,0.496,14.8,19.4,0.763,8.4,34.4,42.9,23.5,7.3,3.9,12.8,20,106.3,2018
Orlando Magic,82,19730,39.5,87.4,0.452,10.5,29.8,0.351,29,57.5,0.504,15.8,20.8,0.757,9,33.4,42.4,23.8,7.7,5,14.8,19.6,105.2,2018
Atlanta Hawks,82,19705,38.8,86.9,0.446,11.4,31.5,0.36,27.4,55.4,0.495,16.1,20.5,0.785,9.2,33.4,42.6,24.1,7.9,4.3,15.8,19.9,105,2018
Memphis Grizzlies,82,19705,38.7,87.1,0.444,9.7,27.6,0.352,28.9,59.5,0.486,17.5,22.2,0.786,10,32.6,42.6,22.7,7.9,5.1,15.7,24.4,104.5,2018
Chicago Bulls,82,19855,39,89.6,0.435,11.1,31.3,0.355,27.8,58.2,0.478,14.7,19.4,0.759,9.7,35.3,45,23.6,7.7,3.6,14.1,19.3,103.8,2018
Sacramento Kings,82,19755,40.7,90.4,0.45,9.4,25.2,0.375,31.2,65.2,0.479,12.9,17.5,0.735,9.9,33,42.9,22.6,8.2,4.4,14.4,21,103.7,2018
Phoenix Suns,82,19705,38.3,86.7,0.442,9.3,27.8,0.334,29,59,0.492,17.6,23.8,0.741,10.2,33.7,43.9,21.2,6.9,4.5,15.7,21.9,103.5,2018
